timestamp_kst,outdoor_temp,outdoor_rh,dew_point,est_indoor_rh,status
2026-09-29T00:35+09:00,16.3,67,10.1,46.8,ok
2026-09-29T06:58+09:00,13.5,92,12.2,53.8,ok
2026-09-29T10:55+09:00,20.4,70,14.7,63.3,high
2026-09-29T17:26+09:00,24.3,51,13.6,58.9,high
2026-09-30T00:48+09:00,18.1,78,14.2,61.3,high
2026-09-30T05:45+09:00,15.6,96,15.0,64.5,high
2026-09-30T09:24+09:00,18.6,87,16.4,70.6,high
2026-09-30T15:40+09:00,23.8,61,15.8,67.9,high
2026-09-30T22:39+09:00,17.5,70,12.0,53.1,ok
2026-10-01T04:17+09:00,14.9,46,3.4,29.5,low
2026-10-01T08:02+09:00,13.5,44,1.5,25.8,low
2026-10-01T11:07+09:00,18.5,33,1.9,26.6,low
2026-10-01T17:52+09:00,18.8,45,6.6,36.9,low
2026-10-02T01:25+09:00,12.8,60,5.3,33.7,low
2026-10-02T06:48+09:00,10.2,76,6.1,35.7,low
2026-10-02T10:40+09:00,17.3,41,3.9,30.6,low
2026-10-02T17:29+09:00,19.0,41,5.4,34.0,low
2026-10-03T00:46+09:00,12.4,71,7.3,38.7,low
2026-10-03T05:42+09:00,10.7,71,5.6,34.5,low
2026-10-03T09:28+09:00,13.7,63,6.8,37.4,low
2026-10-03T15:30+09:00,20.9,49,9.8,45.9,ok
2026-10-03T21:30+09:00,17.0,75,12.6,55.2,ok
2026-10-04T02:15+09:00,14.8,80,11.4,51.0,ok
2026-10-04T04:51+09:00,14.1,83,11.3,50.7,ok
2026-10-04T08:01+09:00,14.7,80,11.3,50.7,ok
2026-10-04T11:36+09:00,20.9,59,12.6,55.2,ok
2026-10-04T18:43+09:00,20.7,66,14.1,60.9,high
2026-10-05T00:20+09:00,17.0,81,13.8,59.7,high
2026-10-05T04:35+09:00,14.9,83,12.1,53.4,ok
2026-10-05T08:06+09:00,15.1,76,10.9,49.4,ok
2026-10-05T10:58+09:00,17.7,67,11.5,51.4,ok
2026-10-05T17:59+09:00,17.6,57,9.0,43.5,ok
2026-10-06T03:24+09:00,11.5,80,8.2,41.2,ok
2026-10-06T09:47+09:00,15.5,50,5.2,33.5,low
2026-10-06T16:32+09:00,19.8,44,7.2,38.5,low
2026-10-07T00:08+09:00,14.9,79,11.3,50.7,ok
2026-10-07T05:17+09:00,12.6,84,10.0,46.5,ok
2026-10-07T09:40+09:00,15.4,77,11.4,51.0,ok
2026-10-07T16:12+09:00,21.5,38,6.6,36.9,low
2026-10-07T23:28+09:00,15.2,65,8.7,42.6,ok
2026-10-08T05:35+09:00,11.5,81,8.4,41.7,ok
2026-10-08T09:58+09:00,15.5,66,9.2,44.1,ok
2026-10-08T16:21+09:00,22.5,42,9.0,43.5,ok
2026-10-09T00:33+09:00,15.3,79,11.7,52.0,ok
2026-10-09T06:17+09:00,13.4,89,11.6,51.7,ok
2026-10-09T11:07+09:00,19.6,69,13.7,59.3,ok
2026-10-09T17:59+09:00,21.2,67,14.8,63.7,high
2026-10-10T01:09+09:00,15.9,91,14.5,62.5,high
2026-10-10T05:51+09:00,13.9,94,12.9,56.3,ok
2026-10-10T09:47+09:00,17.2,76,13.0,56.7,ok
2026-10-10T16:03+09:00,24.2,50,13.2,57.4,ok
2026-10-10T22:38+09:00,17.7,70,12.2,53.8,ok
2026-10-11T03:32+09:00,14.9,72,9.9,46.2,ok
